Sequence,Domains
MMLAAT,DNA binding domain
MLLAVN,DNA binding domain
MM,NA
MCVKS,NES
MMI,NA
MHN,NA
MTSQTTLTL,Apoptosis regulator;DNA binding domain
MKAT,NA
MI,NA
MNMQL,RNA binding domain
MMAI,NLS
MILAAT,DNA binding domain
MILKK,NA
MTSQTTLTR,Apoptosis regulator;DNA binding domain
MDNWLASSKQH,DNA binding domain
MLVAVS,NES;DNA binding domain
MAT,NA
MV,NA
MMLAAS,DNA binding domain
MLAT,NA
MNMQI,NLS;RNA binding domain
MD,NA
MK,NA
MTAT,NA
MKSNQI,NLS;DNA binding domain
MFM,NA
MMAT,NA
MMLRIK,DNA binding domain
MS,NA
MVLAVS,DNA binding domain
MFV,NA
MGCV,NA
MFI,NA
M,NA
MIM,NA
MY,NA
MLAASSSVVH,DNA binding domain
MFT,NA
MLLAVC,DNA binding domain
MQIVI,NLS
MTSHTLLTR,DNA binding domain
MIAT,NA
MNMPL,RNA binding domain
MYM,NA
MTSHPTQTR,DNA binding domain
MTSHTTQTR,DNA binding domain
MMLASS,Apoptosis regulator;DNA binding domain
MMS,NA
MLAAN,NA
MQMI,NLS
MRY,NA
MNMQLM,RNA binding domain
MNKQL,NA
MTLAAS,DNA binding domain
MFL,NA
MTRPG,RNA binding domain
MMRLG,NA
MQMKIN,DNA binding domain
MVM,NA
MLLAVS,DNA binding domain
MLAAS,NA
MQI,NA
MRLAVS,DNA binding domain
MLLAVSYSVVH,Apoptosis regulator;DNA binding domain
MKMQIN,DNA binding domain
MT,NA
MMAA,NA
MTI,NA
MMLAATKSVVH,DNA binding domain
MNMPII,NLS;DNA binding domain;RNA binding domain
MNMQIN,DNA binding domain;RNA binding domain
MMF,NA
MTSHTTRPR,DNA binding domain
MIRKT,NA
MLM,NA
MMLAASYAVVH,NES;DNA binding domain
MQIN,NA
MHVHD,NES
MSRMFM,RNA binding domain
MMAN,NA
MLLAAS,DNA binding domain
MMLAAN,DNA binding domain
MNE,NA
